K,E,C,Precision,Recall,F1
20,1e-09,0.15,0.09200000000000001,0.649709150227997,0.1514651003285728
