K,E,C,Precision,Recall,F1
25,1e-09,0.15,0.07872000000000001,0.6876747506191777,0.13378559440056143
