K,E,C,Precision,Recall,F1
15,1e-09,0.15,0.11453333333333333,0.6107631690462959,0.17916827953727454
