K,E,C,Precision,Recall,F1
0,1e-09,0.15,0.13766055696696855,0.5440056148400964,0.20380712246749594
