K,E,C,Precision,Recall,F1
30,1e-09,0.15,0.06826666666666667,0.7150593538814127,0.11882003486657686
