K,E,C,Precision,Recall,F1
5,1e-09,0.15,0.2084,0.3888239962780598,0.24265871946251208
