K,E,C,Precision,Recall,F1
3,1e-09,0.15,0.2586666666666667,0.30243341864104245,0.24842742032649154
