Algoritmo,Precision,Recall,F1
RWR+FC,0.09830000000000001,0.3529458458208458,0.14122355550685217
