Algoritmo,Precision,Recall,F1
RWR+FC,0.1017,0.3716433672278873,0.14539781566249046
