Algoritmo,Precision,Recall,F1
RWR,0.1398,0.4865488698350527,0.1959804102873291
