Algoritmo,Precision,Recall,F1
FC,0.09919999999999998,0.35547524926764057,0.14057242779841717
