K,E,C,Precision,Recall,F1
10,1e-09,0.35,0.1495,0.5328659483146712,0.21320712268491213
