K,E,C,Precision,Recall,F1
10,1e-09,0.3,0.14970000000000003,0.5324823643547716,0.21343595544782198
