K,E,C,Precision,Recall,F1
10,1e-09,0.85,0.1491,0.532971159258698,0.2125754162700265
