K,E,C,Precision,Recall,F1
10,1e-09,0.2,0.1495,0.533685486744078,0.21323770404274983
