K,E,C,Precision,Recall,F1
10,1e-09,0.55,0.14930000000000002,0.5354766626003854,0.21314072127586364
