K,E,C,Precision,Recall,F1
10,1e-09,0.7,0.149,0.5348242816480046,0.21271411347190292
