K,E,C,Precision,Recall,F1
10,1e-09,0.25,0.1496,0.5332353405452477,0.21330053449622455
