K,E,C,Precision,Recall,F1
10,1e-09,0.75,0.14940000000000003,0.5352544925920313,0.21308337497798516
