K,E,C,Precision,Recall,F1
10,1e-09,0.5,0.14940000000000003,0.5352202523439753,0.21318601113093613
