K,E,C,Precision,Recall,F1
10,1e-09,0.65,0.1491,0.5352242816480045,0.21289295962574908
