K,E,C,Precision,Recall,F1
10,1e-09,0.8,0.1491,0.533721159258698,0.21261437730898752
