K,E,C,Precision,Recall,F1
10,1e-09,0.45,0.14900000000000002,0.5322766626003855,0.21257411288425526
