K,E,C,Precision,Recall,F1
10,1e-09,0.05,0.13170000000000004,0.4863316389406947,0.18968522114174236
