K,E,C,Precision,Recall,F1
10,1e-09,0.6,0.1491,0.5342599959337189,0.2128035784187208
