K,E,C,Precision,Recall,F1
10,1e-09,0.9,0.14920000000000003,0.5321116354491742,0.21267481050324424
