K,E,C,Precision,Recall,F1
10,1e-09,0.4,0.1494,0.5321992816480046,0.21302763550542494
