K,E,C,Precision,Recall,F1
10,1e-09,0.1,0.14470000000000002,0.5238863581980454,0.20722285551516792
