k,beta,Precision,Recall,F1
10,-,0.2084,0.3888239962780598,0.24265871946251208
10,0.7,0.2106,0.39373366628641393,0.2453855093393019