K,E,C,Precision,Recall,F1
5,1e-09,0.15,0.2106,0.39373366628641393,0.2453855093393019
