K,E,C,Precision,Recall,F1
5,1e-09,0.15,0.20760000000000003,0.38786785432060195,0.24203069923712342
