K,E,C,Precision,Recall,F1
10,1e-09,0.15,0.146,0.5195566229178458,0.2078407026464023
