K,E,C,Precision,Recall,F1
5,1e-09,0.15,0.21040000000000003,0.3934994541535176,0.24509883110525527
