K,E,C,Precision,Recall,F1
10,1,0.15,0.1491,0.5332510480833237,0.21280373505677364
