E,C,Precision,Recall,F1
0.01,0.15,0.1479,0.5300384717707473,0.2112136411147306
