E,C,Precision,Recall,F1
1e-07,0.15,0.14780000000000001,0.5297884717707473,0.21107078397187343
