E,C,Precision,Recall,F1
0.1,0.15,0.14880000000000002,0.5357415853238608,0.212583837435886
